{"cameraMode":{"drawMode":0,"name":"Shaded","section":"Shading Mode"},"sceneLighting":true,"audioPlay":false,"sceneViewState":{"showFog":true,"showMaterialUpdate":false,"showSkybox":true,"showFlares":true,"showImageEffects":true,"showParticleSystems":true},"in2DMode":false,"pivot":{"x":1.2934036254882813,"y":-5.390444755554199,"z":0.8751430511474609},"rotation":{"x":-0.078730009496212,"y":0.9006577730178833,"z":-0.18380093574523927,"w":-0.38579073548316958},"size":39.22642135620117,"orthographic":false}